{"cameraMode":{"drawMode":0,"name":"Shaded","section":"Shading Mode"},"sceneLighting":false,"audioPlay":false,"sceneViewState":{"showFog":true,"showMaterialUpdate":false,"showSkybox":false,"showFlares":true,"showImageEffects":true,"showParticleSystems":true},"in2DMode":false,"pivot":{"x":0.3799999952316284,"y":8.65999984741211,"z":30.6200008392334},"rotation":{"x":0.23060163855552674,"y":0.46216708421707156,"z":-0.12582071125507356,"w":0.8470032215118408},"size":2.8578836917877199,"orthographic":false}