{"cameraMode":{"drawMode":0,"name":"Shaded","section":"Shading Mode"},"sceneLighting":false,"audioPlay":false,"sceneViewState":{"showFog":true,"showMaterialUpdate":false,"showSkybox":false,"showFlares":true,"showImageEffects":true,"showParticleSystems":true},"in2DMode":false,"pivot":{"x":-24.835060119628908,"y":6.774075984954834,"z":-41.074886322021487},"rotation":{"x":0.09313412755727768,"y":0.029861709102988244,"z":-0.002785441232845187,"w":0.9952127933502197},"size":5.009411334991455,"orthographic":false}