{"cameraMode":{"drawMode":0,"name":"Shaded","section":"Shading Mode"},"sceneLighting":false,"audioPlay":false,"sceneViewState":{"showFog":true,"showMaterialUpdate":false,"showSkybox":false,"showFlares":true,"showImageEffects":true,"showParticleSystems":true},"in2DMode":false,"pivot":{"x":-22.416065216064454,"y":7.789718151092529,"z":-39.956932067871097},"rotation":{"x":0.1301550269126892,"y":0.5169805884361267,"z":-0.07987835258245468,"w":0.8422772288322449},"size":24.687236785888673,"orthographic":false}