{"cameraMode":{"drawMode":0,"name":"Shaded","section":"Shading Mode"},"sceneLighting":false,"audioPlay":false,"sceneViewState":{"showFog":true,"showMaterialUpdate":false,"showSkybox":false,"showFlares":true,"showImageEffects":true,"showParticleSystems":true},"in2DMode":false,"pivot":{"x":0.61328125,"y":1.4234771728515626,"z":0.07080078125},"rotation":{"x":0.0056904093362390999,"y":-0.9251525402069092,"z":-0.013878952711820603,"w":-0.37931737303733828},"size":4.39009428024292,"orthographic":true}