{"cameraMode":{"drawMode":0,"name":"Shaded","section":"Shading Mode"},"sceneLighting":true,"audioPlay":false,"sceneViewState":{"showFog":true,"showMaterialUpdate":false,"showSkybox":true,"showFlares":true,"showImageEffects":true,"showParticleSystems":true},"in2DMode":false,"pivot":{"x":-12.7889404296875,"y":4.13623046875,"z":12.529296875},"rotation":{"x":0.00445279385894537,"y":-0.9939795732498169,"z":0.10023199766874314,"w":0.044159967452287677},"size":11.066569328308106,"orthographic":true}