{"cameraMode":{"drawMode":0,"name":"Shaded","section":"Shading Mode"},"sceneLighting":true,"audioPlay":false,"sceneViewState":{"showFog":true,"showMaterialUpdate":false,"showSkybox":true,"showFlares":true,"showImageEffects":true,"showParticleSystems":true},"in2DMode":false,"pivot":{"x":365.9076843261719,"y":28.978878021240236,"z":13.083328247070313},"rotation":{"x":0.0003098090528510511,"y":0.0056864479556679729,"z":0.00003627760088420473,"w":0.9999980330467224},"size":204.59019470214845,"orthographic":false}