{"cameraMode":{"drawMode":0,"name":"Shaded","section":"Shading Mode"},"sceneLighting":false,"audioPlay":false,"sceneViewState":{"showFog":true,"showMaterialUpdate":false,"showSkybox":false,"showFlares":true,"showImageEffects":true,"showParticleSystems":true},"in2DMode":false,"pivot":{"x":-24.1299991607666,"y":7.060000419616699,"z":-41.400001525878909},"rotation":{"x":0.00445279385894537,"y":-0.9939795732498169,"z":0.10023199766874314,"w":0.044159967452287677},"size":4.772767066955566,"orthographic":true}