{"cameraMode":{"drawMode":0,"name":"Shaded","section":"Shading Mode"},"sceneLighting":true,"audioPlay":false,"sceneViewState":{"showFog":true,"showMaterialUpdate":false,"showSkybox":true,"showFlares":true,"showImageEffects":true,"showParticleSystems":true},"in2DMode":false,"pivot":{"x":-6.832695007324219,"y":-18.783231735229493,"z":-38.76515197753906},"rotation":{"x":0.102263905107975,"y":0.8973761200904846,"z":-0.3167386054992676,"w":0.28973349928855898},"size":72.99423217773438,"orthographic":false}