{"cameraMode":{"drawMode":0,"name":"Shaded","section":"Shading Mode"},"sceneLighting":false,"audioPlay":false,"sceneViewState":{"showFog":true,"showMaterialUpdate":false,"showSkybox":false,"showFlares":true,"showImageEffects":true,"showParticleSystems":true},"in2DMode":false,"pivot":{"x":0.79833984375,"y":-0.885986328125,"z":0.189453125},"rotation":{"x":-0.025628583505749704,"y":-0.973904550075531,"z":0.17420384287834168,"w":-0.14331066608428956},"size":3.5762155055999758,"orthographic":true}