{"cameraMode":{"drawMode":0,"name":"Shaded","section":"Shading Mode"},"sceneLighting":false,"audioPlay":false,"sceneViewState":{"showFog":true,"showMaterialUpdate":false,"showSkybox":false,"showFlares":true,"showImageEffects":true,"showParticleSystems":true},"in2DMode":false,"pivot":{"x":0.6496081352233887,"y":-0.02255263924598694,"z":0.7193738222122192},"rotation":{"x":0.03253430500626564,"y":0.6950600743293762,"z":-0.03151353821158409,"w":0.7175278663635254},"size":5.987788200378418,"orthographic":false}