{"cameraMode":{"drawMode":0,"name":"Shaded","section":"Shading Mode"},"sceneLighting":false,"audioPlay":false,"sceneViewState":{"showFog":true,"showMaterialUpdate":false,"showSkybox":false,"showFlares":true,"showImageEffects":true,"showParticleSystems":true},"in2DMode":false,"pivot":{"x":-24.1299991607666,"y":6.935000419616699,"z":-41.400001525878909},"rotation":{"x":0.23060163855552674,"y":0.46216708421707156,"z":-0.12582071125507356,"w":0.8470032215118408},"size":5.080166339874268,"orthographic":false}