{"cameraMode":{"drawMode":0,"name":"Shaded","section":"Shading Mode"},"sceneLighting":false,"audioPlay":false,"sceneViewState":{"showFog":true,"showMaterialUpdate":false,"showSkybox":false,"showFlares":true,"showImageEffects":true,"showParticleSystems":true},"in2DMode":false,"pivot":{"x":568.0062255859375,"y":3.858398675918579,"z":836.9114379882813},"rotation":{"x":-0.22490514814853669,"y":-0.6816085577011108,"z":0.23369696736335755,"w":-0.6559266448020935},"size":13.142001152038575,"orthographic":false}