{"cameraMode":{"drawMode":0,"name":"Shaded","section":"Shading Mode"},"sceneLighting":true,"audioPlay":false,"sceneViewState":{"showFog":true,"showMaterialUpdate":false,"showSkybox":true,"showFlares":true,"showImageEffects":true,"showParticleSystems":true},"in2DMode":false,"pivot":{"x":745.6076049804688,"y":126.99637603759766,"z":-5.5886383056640629},"rotation":{"x":0.030305182561278344,"y":0.005685584619641304,"z":-0.0001387061784043908,"w":0.9995425939559937},"size":600.67236328125,"orthographic":false}