{"cameraMode":{"drawMode":0,"name":"Shaded","section":"Shading Mode"},"sceneLighting":true,"audioPlay":false,"sceneViewState":{"showFog":true,"showMaterialUpdate":false,"showSkybox":true,"showFlares":true,"showImageEffects":true,"showParticleSystems":true},"in2DMode":false,"pivot":{"x":19.828107833862306,"y":0.12068003416061402,"z":-58.477901458740237},"rotation":{"x":0.023074481636285783,"y":-0.5188290476799011,"z":-0.01401539333164692,"w":-0.8544620275497437},"size":24.932401657104493,"orthographic":true}